source_slug,target_slug,anchor_text
ai-for-making-money-coze-skill-store-sleeve,online-income-ways-coze-agent-workflows,Coze Auto Ops Side Income
ai-for-making-money-evening-media-lanes,ai-app-layer-evening-blocks-scoped-delivery,AI App Layer Evening Blocks
ai-for-making-money-evening-media-lanes,ai-proven-methods-side-hustle-operator-loop,AI Proven Methods Side Hustle
ai-for-making-money-evening-media-lanes,make-money-doing-ai-agent-coze-delivery-spine,Make Money Doing AI Agent
ai-for-making-money-shovel-vs-mine-ledger,ai-proven-methods-side-hustle-operator-loop,AI Proven Methods Side Hustle
ai-for-making-money-shovel-vs-mine-ledger,seven-ai-income-paths-mine-dig-shovel-map,Seven AI Income Paths
ai-to-earn-money-coze-skill-store-ledger,ai-proven-methods-side-hustle-operator-loop,AI Proven Methods Side Hustle
ai-to-earn-money-coze-skill-store-ledger,make-money-doing-ai-agent-coze-delivery-spine,Make Money Doing AI Agent
ai-to-earn-money-coze-skill-store-ledger,online-income-ways-coze-skill-store-loop,Online Income Ways Coze
ai-to-earn-money-human-coupling-ledger,ai-proven-methods-side-hustle-operator-loop,AI Proven Methods Side Hustle
ai-to-earn-money-human-coupling-ledger,freelance-coding-ai-human-coupling-spine,Freelance Coding AI Coupling
ai-to-earn-money-human-coupling-ledger,seven-ai-income-paths-mine-dig-shovel-map,Seven AI Income Paths
boring-path-passive-income-index-funds-reits,passive-income-hustles-yield-shield-not-timing,yield-shield passive income sleeve
building-passive-income-streams-dividend-filters,passive-income-hustles-yield-shield-not-timing,yield-shield passive income sleeve
content-creator-side-hustle-conversion-spine-map,four-pillars-creator-economy-monetization-spine,Four Pillars Creator Economy
content-creator-side-hustle-conversion-spine-map,red-three-paths-buyer-commerce-conversion-spine,RED Three Paths Buyer Commerce
courses-for-side-hustle-lightweight-stack,online-course-earn-money-without-heavy-lms,lightweight course delivery stack
courses-for-side-hustle-paid-community-funnel,online-course-earn-money-without-heavy-lms,lightweight course delivery stack
digital-product-passive-income-overseas-course-sleeve,ai-digital-product-template-factory-sku-loop,AI Digital Product Template Factory
digital-product-passive-income-overseas-course-sleeve,knowledge-funnel-overseas-bridge-packaging,Knowledge Funnel Overseas Bridge
digital-product-passive-income-overseas-course-sleeve,passive-income-digital-triple-export-lane,Digital Product Passive Income Triple Stack
digital-product-passive-income-scarcity-delivery-sleeve,ai-digital-product-spine-scarcity-delivery,AI Digital Product Spine
digital-product-passive-income-scarcity-delivery-sleeve,digital-product-passive-income-triple-sleeve,Digital Product Passive Income Triple
digital-product-passive-income-scarcity-delivery-sleeve,knowledge-funnel-paid-community-lite,Knowledge Funnel Paid Community
digital-product-passive-income-three-platform-sleeve,knowledge-funnel-paid-community-ladder,Knowledge Funnel Paid Community
digital-product-passive-income-three-platform-sleeve,virtual-ways-make-money-three-platform-sleeve,Virtual Ways Make Money Three Platform
earn-additional-income-online-electronic-stall-evening-routine,earn-money-online-micro-offer-validation-ladder,micro-offer validation ladder
earn-money-from-freelancing-developer-platforms-2026,earn-money-online-micro-offer-validation-ladder,micro-offer validation ladder
earn-money-from-freelancing-opc-playbook-2026,earn-money-online-micro-offer-validation-ladder,micro-offer validation ladder
earn-money-from-freelancing-platform-escrow-scorecard,freelance-coding-ai-side-income-escrow-scope,Freelance Coding AI Side Income
earn-money-from-freelancing-platform-escrow-scorecard,strategies-freelance-escrow-milestone-map,Strategies Freelance Escrow Milestone Map
earn-money-from-freelancing-platform-escrow-scorecard,to-do-money-freelance-platform-comparison,To Do Money Freelance Platform Comparison
earn-money-from-freelancing-skill-hybrid-offers-2026,earn-money-online-micro-offer-validation-ladder,micro-offer validation ladder
earn-money-online-freelancing-five-platforms-2026,earn-money-online-micro-offer-validation-ladder,micro-offer validation ladder
earn-money-online-without-investment-ai-drama-vault,earn-money-online-without-investment-ai-comic-lane,AI Comic Drama Evening Blocks
earn-money-online-without-investment-ai-drama-vault,online-income-ways-coze-automation-bounded-workflow,Online Income Ways Coze Automation
earn-more-income-triple-platform-spine,ai-agent-multi-platform-content-stack,AI Agent Multi-Platform Stack
earn-more-income-triple-platform-spine,omnichannel-content-opc-path,Omnichannel Content OPC Path
earn-online-work-eight-dev-freelance-platforms,earn-money-online-micro-offer-validation-ladder,micro-offer validation ladder
earn-online-work-freelance-platforms-guide,earn-money-online-micro-offer-validation-ladder,micro-offer validation ladder
eight-zero-barrier-side-hustles-from-home-2025,earn-money-online-micro-offer-validation-ladder,micro-offer validation ladder
etf-index-funds-passive-income-tool,passive-income-hustles-yield-shield-not-timing,yield-shield passive income sleeve
five-ai-skills-beginners-can-monetize,earn-money-online-micro-offer-validation-ladder,micro-offer validation ladder
five-ai-skills-beginners-can-monetize,ways-for-students-to-earn-money-online-with-ai-short-fiction,AI short fiction path for students
freelancing--remote-work-the-ultimate-platform-handbook-for-2025,earn-money-online-micro-offer-validation-ladder,micro-offer validation ladder
freelancing-earn-money-online-travel-planning-gig,earn-money-from-freelancing-escrow-milestone-map,Earn Money From Freelancing Escrow
freelancing-earn-money-online-travel-planning-gig,strategies-freelance-gigs-platform-scorecard,Strategies Freelance Gigs
freelancing-earn-money-online-travel-planning-gig,ways-make-money-freelancing-platform-scorecard,Ways Make Money Freelancing
freelancing-side-vetted-dev-marketplace-milestones,earn-money-online-micro-offer-validation-ladder,micro-offer validation ladder
good-side-hustles-from-home-micro-sop-blocks,wfh-virtual-triad-remote-income-lanes,Work From Home Money Earning Virtual Triad
good-side-hustles-make-money-home-ai-closure-loop,ai-app-layer-evening-blocks-scoped-delivery,AI App Layer Evening Blocks
good-side-hustles-make-money-home-ai-closure-loop,earn-additional-income-home-operator-loop,Earn Additional Income Home Operator
good-side-hustles-make-money-home-ai-closure-loop,work-from-home-money-earning-caps-evening,Work From Home Money Earning Caps
good-side-hustles-make-money-home-evening-grid,ai-skills-students-labeling-writing-path,AI Skills Students Labeling Path
good-side-hustles-make-money-home-evening-grid,eight-wfh-hustles-evening-stack,Eight WFH Hustles Stack Map
good-side-hustles-make-money-home-evening-grid,work-from-home-money-earning-evening-blocks,Work From Home Money Earning Evening Blocks
home-ai-commission-work-90-day-playbook,earn-money-online-micro-offer-validation-ladder,micro-offer validation ladder
ideas-of-side-hustles-student-platform-sprint,earn-money-online-micro-offer-validation-ladder,micro-offer validation ladder
ideas-of-side-hustles-student-platform-sprint,ways-for-students-to-earn-money-online-with-ai-short-fiction,AI short fiction path for students
index-fund-investing-for-ordinary-people-a-complete-passive-income-guide,passive-income-hustles-yield-shield-not-timing,yield-shield passive income sleeve
knowledge-monetization--online-courses-from-zero-to-selling-your-expertise,online-course-earn-money-without-heavy-lms,lightweight course delivery stack
knowledge-monetization-full-funnel-playbook,online-course-earn-money-without-heavy-lms,lightweight course delivery stack
knowledge-monetization-one-person-company-2025,online-course-earn-money-without-heavy-lms,lightweight course delivery stack
lightweight-knowledge-monetization-starter-guide,online-course-earn-money-without-heavy-lms,lightweight course delivery stack
make-money-content-creator-ai-brand-deal-pipeline,ai-digital-product-template-factory-sku-loop,AI Digital Product Template Factory
make-money-content-creator-ai-brand-deal-pipeline,red-buyer-commerce-note-spine-virtual-sku,Red Buyer Commerce Note Spine
make-money-content-creator-red-shop-envelope-grid,ai-digital-product-template-factory-sku-loop,AI Digital Product Template Factory
make-money-content-creator-red-shop-envelope-grid,red-buyer-commerce-note-spine-virtual-sku,Red Buyer Commerce Note Spine
make-money-content-creator-red-shop-envelope-grid,xiaohongshu-monetization-weighted-notes-shop-relay,Xiaohongshu Monetization Weighted Notes
make-money-content-creator-virtual-note-loop,red-three-paths-buyer-commerce-conversion-spine,RED Three Paths Buyer Commerce
make-money-content-creator-virtual-note-loop,virtual-stores-side-hustle-digital-sku-loop,Virtual Stores Side Hustle
make-money-online-passive-income-core-satellite-etf,index-fund-starter-roadmap-dca-core,Index Fund Starter Roadmap
make-money-online-passive-income-core-satellite-etf,passive-income-hustles-index-sleeve-map,Passive Income Hustles Index Sleeve
make-money-online-passive-income-dividend-index-core,passive-income-hustles-yield-shield-not-timing,yield-shield passive income sleeve
make-money-online-passive-income-etf-core-satellite-dca,passive-income-hustles-yield-shield-not-timing,yield-shield passive income sleeve
make-money-online-passive-income-investment-framework,passive-income-hustles-yield-shield-not-timing,yield-shield passive income sleeve
make-more-income-online-lane-menu,eight-wfh-hustles-evening-service-blocks,Eight WFH Hustles Evening Blocks
money-earning-ways-students-cross-border-selection-cell,earn-and-make-money-student-fiction-skills-path,Earn And Make Money Student
money-earning-ways-students-cross-border-selection-cell,online-side-hustles-beginners-capital-gates,Online Side Hustles Beginners
money-earning-ways-students-cross-border-selection-cell,student-side-hustle-ideas-campus-time-blocks,Student Side Hustle Ideas
money-income-ideas-red-note-curriculum-lite,online-course-earn-money-without-heavy-lms,lightweight course delivery stack
online-course-earn-money-defend-then-attack-funnel,knowledge-opc-private-domain-defend-attack,Knowledge OPC Private Domain Loop
online-course-earn-money-defend-then-attack-funnel,online-course-earn-money-knowledge-funnel,Online Course Earn Money Knowledge Funnel
online-course-earn-money-defend-then-attack-funnel,paid-community-funnel-lite-trust-first,Paid Community Funnel Lite
online-course-earn-money-paid-community-stack,online-course-earn-money-without-heavy-lms,lightweight course delivery stack
online-course-earn-money-private-domain-delivery,online-course-earn-money-without-heavy-lms,lightweight course delivery stack
online-course-earn-money-tax-compliance-2026,online-course-earn-money-without-heavy-lms,lightweight course delivery stack
online-courses-make-money-ai-agent-service-pivot,make-money-doing-ai-agent-coze-delivery-spine,Make Money Doing AI Agent
online-courses-make-money-ai-agent-service-pivot,online-courses-make-money-knowledge-funnel,Online Courses Make Money Knowledge Funnel
online-courses-make-money-ai-agent-service-pivot,paid-community-funnel-lite-trust-first,Paid Community Funnel Lite
online-courses-make-money-cognitive-path-designer,knowledge-opc-private-domain-defend-attack,Knowledge OPC Private Domain Loop
online-courses-make-money-cognitive-path-designer,online-course-earn-money-knowledge-funnel,Online Course Earn Money Knowledge Funnel
online-courses-make-money-cognitive-path-designer,paid-community-funnel-lite-trust-first,Paid Community Funnel Lite
online-courses-make-money-private-domain-pyramid,knowledge-funnel-paid-community-bridge,Knowledge Funnel Paid Community
online-courses-make-money-private-domain-pyramid,paid-community-funnel-lite-pyramid,Paid Community Funnel Lite
online-courses-make-money-wave-launch-runway,knowledge-funnel-paid-community-ladder,Paid Community Funnel Knowledge Ladder
online-courses-make-money-wave-launch-runway,online-course-zero-audience-waitlist-wave,Online Course Zero Audience Launch
online-courses-that-make-money-lightweight-2026,online-course-earn-money-without-heavy-lms,lightweight course delivery stack
online-platform-earning-money-students-low-cost-sprints,earn-money-online-micro-offer-validation-ladder,micro-offer validation ladder
online-platform-earning-money-students-low-cost-sprints,ways-for-students-to-earn-money-online-with-ai-short-fiction,AI short fiction path for students
online-side-hustles-actually-make-money-vibe-coding,earn-money-online-micro-offer-validation-ladder,micro-offer validation ladder
online-side-hustles-actually-make-money-vibe-coding,ways-for-students-to-earn-money-online-with-ai-short-fiction,AI short fiction path for students
online-side-hustles-beginners-66-method-scorecard,ai-skills-students-bounded-practice-lanes,AI Skills Students Bounded Paths
online-side-hustles-beginners-66-method-scorecard,student-side-hustle-ideas-campus-lanes,Student Side Hustle Ideas Campus Lanes
online-side-hustles-beginners-scam-filter-gate,online-side-hustles-beginners-filter-gate,Online Side Hustles Beginners Filter Gate
online-side-hustles-beginners-scam-filter-gate,start-earning-without-investment-proof-loop,Start Earning Without Investment Proof Loop
online-side-hustles-beginners-scam-filter-gate,student-side-hustle-ideas-campus-caps,Student Side Hustle Ideas Campus Caps
online-side-hustles-beginners-startup-cost-gate,e-commerce-money-toolkit-selection-pool,E-Commerce Money Toolkit
online-side-hustles-beginners-startup-cost-gate,start-earning-without-investment-capital-gates,Start Earning Without Investment Gates
online-side-hustles-beginners-startup-cost-gate,virtual-stores-side-hustle-digital-sku-loop,Virtual Stores Side Hustle
online-ways-make-money-from-home-after-50-tests,earn-money-online-micro-offer-validation-ladder,micro-offer validation ladder
online-work-from-home-side-hustles-virtual-triad,earn-money-online-micro-offer-validation-ladder,micro-offer validation ladder
ordinary-investors-index-fund-roadmap,passive-income-hustles-yield-shield-not-timing,yield-shield passive income sleeve
passive-income-hustles-index-allocator-discipline,passive-income-hustles-yield-shield-not-timing,yield-shield passive income sleeve
passive-income-hustles-index-dca-stop-profit-map,index-fund-sip-starter-operator-ledger,Index Fund SIP Starter
passive-income-hustles-index-dca-stop-profit-map,passive-income-hustles-index-sip-spine,Passive Income Hustles Index SIP
passive-income-hustles-index-dca-stop-profit-map,passive-income-ideas-work-caps-honest,Passive Income Ideas Work Caps
passive-income-hustles-reverse-repo-cash-sleeve,index-funds-starter-passive-sleeve,Index Funds Starter Sleeve
passive-income-hustles-reverse-repo-cash-sleeve,start-earning-passive-income-honest-gates,Start Earning Passive Income Gates
passive-income-hustles-reverse-repo-cash-sleeve,ways-passive-income-online-cash-stack,Ways Passive Income Online Cash Stack
passive-income-hustles-tracking-error-map,etf-starter-quality-funds-expense-gates,ETF Starter Quality Funds
passive-income-hustles-tracking-error-map,index-fund-sip-starter-allocation-gates,Index Fund SIP Starter Guide
passive-income-ideas-dividend-index-pick-map,index-funds-starter-passive-sleeve,Index Funds Starter Sleeve
passive-income-ideas-dividend-index-pick-map,passive-income-hustles-index-fund-sleeve,Passive Income Hustles Index
passive-income-ideas-dividend-index-pick-map,ways-passive-income-online-cash-stack,Ways Passive Income Online Cash Stack
passive-income-ideas-that-actually-work-nonphysical-filters,passive-income-hustles-yield-shield-not-timing,yield-shield passive income sleeve
passive-income-social-media-index-sleeve-discipline,passive-income-hustles-yield-shield-not-timing,yield-shield passive income sleeve
real-ways-make-passive-income-dividend-fund-screen,passive-income-hustles-yield-shield-not-timing,yield-shield passive income sleeve
real-ways-make-passive-income-quality-fund-hold-discipline,passive-income-hustles-yield-shield-not-timing,yield-shield passive income sleeve
seven-rules-quitting-big-tech-going-solo,earn-money-online-micro-offer-validation-ladder,micro-offer validation ladder
side-earning-ideas-campus-ai-micro-apps,earn-money-online-micro-offer-validation-ladder,micro-offer validation ladder
side-earning-ideas-campus-ai-micro-apps,ways-for-students-to-earn-money-online-with-ai-short-fiction,AI short fiction path for students
side-hustle-courses-cohort-lite-encrypted-delivery,online-course-earn-money-without-heavy-lms,lightweight course delivery stack
side-hustle-ecommerce-ai-short-video-shop-cell,1688-dropshipping-compliance-listing-gates,1688 Dropshipping Compliance Guide
side-hustle-ecommerce-ai-short-video-shop-cell,ai-digital-product-template-factory-sku-loop,AI Digital Product Template Factory
side-hustle-ecommerce-blue-ocean-sku-gate,1688-dropshipping-margin-gates-blue-ocean,1688 Dropshipping Margin Gates
side-hustle-ecommerce-blue-ocean-sku-gate,e-commerce-money-toolkit-selection-pool,E-Commerce Money Toolkit
side-hustle-ecommerce-blue-ocean-sku-gate,side-hustle-ecommerce-two-plays-listing-relay,Side Hustle Ecommerce No Inventory
side-hustle-ecommerce-red-no-inventory-shop-relay,1688-dropshipping-supplier-gate-qc-loop,1688 Dropshipping Supplier Gate
side-hustle-ecommerce-red-no-inventory-shop-relay,e-commerce-money-toolkit-selection-pool,E-Commerce Money Toolkit
side-hustle-ecommerce-red-no-inventory-shop-relay,side-hustle-ecommerce-two-plays-listing-relay,Side Hustle Ecommerce Two Plays
side-hustle-ecommerce-shopee-light-relay,e-commerce-money-toolkit-selection-pool,E-Commerce Money Toolkit
side-hustle-ecommerce-shopee-light-relay,profit-make-money-shopee-light-export-spine,Profit Make Money Shopee
side-hustle-ecommerce-shopee-light-relay,side-hustle-ecommerce-two-plays-listing-relay,Side Hustle Ecommerce Two Plays
side-hustle-ecommerce-tiktok-relay-cell-grid,ai-virtual-ecommerce-tiktok-relay-cell,TikTok Virtual Ecommerce Relay
side-hustle-ecommerce-tiktok-relay-cell-grid,dropship-compliance-starter-margin-gates,Dropship Compliance Starter
side-hustle-ecommerce-tiktok-relay-cell-grid,give-me-money-online-tiktok-shop-matrix,Give Me Money Online TikTok Shop Matrix
side-hustle-social-media-alliance-relay-cell,douyin-vs-red-commerce-paths-comparison,Douyin vs RED Commerce Paths
side-hustle-social-media-alliance-relay-cell,passive-income-social-media-alliance-relay,Passive Income Social Media
side-hustle-social-media-douyin-hot-list-relay,douyin-vs-red-platform-comparison-monetization,Douyin vs RED Platform Comparison
side-hustle-social-media-red-weight-relay-map,passive-income-social-media-save-relay-spine,Passive Income Social Media Save Relay
side-hustle-social-media-red-weight-relay-map,social-media-side-hustle-note-spine-weight-gate,Social Media Side Hustle Note Spine
side-hustle-social-media-red-weight-relay-map,xiaohongshu-monetization-weighted-notes-shop-relay,Xiaohongshu Monetization Weighted Notes
side-hustles-earn-extra-cash-home-virtual-shops,earn-money-online-micro-offer-validation-ladder,micro-offer validation ladder
side-hustles-earn-extra-cash-three-virtual-shops,earn-money-online-micro-offer-validation-ladder,micro-offer validation ladder
side-hustles-for-students--beginners-4-zero-experience-paths-to-start-earning,earn-money-online-micro-offer-validation-ladder,micro-offer validation ladder
side-hustles-for-students--beginners-4-zero-experience-paths-to-start-earning,ways-for-students-to-earn-money-online-with-ai-short-fiction,AI short fiction path for students
side-hustles-from-home-make-money-xianyu-digital-guide,earn-money-online-micro-offer-validation-ladder,micro-offer validation ladder
side-hustles-from-home-one-person-company-exits-2026,earn-money-online-micro-offer-validation-ladder,micro-offer validation ladder
side-hustles-from-home-one-person-company-reality,earn-money-online-micro-offer-validation-ladder,micro-offer validation ladder
social-media-side-hustle-novel-promo-relay-cell,earn-more-income-novel-clip-steady-posting,Earn More Income Novel Clip Workflow
social-media-side-hustle-novel-promo-relay-cell,student-novel-promo-side-income-evening-blocks,Student Novel Promo Side Income
stay-at-home-ai-fiction-writing-income,earn-money-online-micro-offer-validation-ladder,micro-offer validation ladder
strategies-to-make-money-dev-marketplace-escrow,earn-money-online-micro-offer-validation-ladder,micro-offer validation ladder
strategies-to-make-money-gig-platform-scorecard,upwork-survival-playbook-freelance-escrow,Upwork Survival Playbook
student-ai-fiction-writing-side-income,earn-money-online-micro-offer-validation-ladder,micro-offer validation ladder
student-ai-fiction-writing-side-income,ways-for-students-to-earn-money-online-with-ai-short-fiction,AI short fiction path for students
ten-freelance-platforms-developers-2026,earn-money-online-micro-offer-validation-ladder,micro-offer validation ladder
three-student-side-hustles-build-skills-not-burn-time,earn-money-online-micro-offer-validation-ladder,micro-offer validation ladder
three-student-side-hustles-build-skills-not-burn-time,ways-for-students-to-earn-money-online-with-ai-short-fiction,AI short fiction path for students
tips-to-earn-extra-money-lite-knowledge-spine,online-course-earn-money-without-heavy-lms,lightweight course delivery stack
upwork-freelance-survival-guide-2026,earn-money-online-micro-offer-validation-ladder,micro-offer validation ladder
virtual-ways-make-money-tiktok-content-sleeve,give-me-money-online-tiktok-content-rails,Give Me Money Online TikTok
virtual-ways-make-money-tiktok-content-sleeve,make-money-content-creator-monetization-spine,Make Money Content Creator
virtual-ways-make-money-tiktok-content-sleeve,passive-income-social-media-alliance-relay,Passive Income Social Media
ways-for-extra-income-campus-expert-tasks,earn-money-online-micro-offer-validation-ladder,micro-offer validation ladder
ways-for-extra-income-campus-expert-tasks,ways-for-students-to-earn-money-online-with-ai-short-fiction,AI short fiction path for students
ways-for-extra-income-student-novel-promo-playbook,earn-money-online-micro-offer-validation-ladder,micro-offer validation ladder
ways-for-extra-income-student-novel-promo-playbook,ways-for-students-to-earn-money-online-with-ai-short-fiction,AI short fiction path for students
ways-for-online-earning-red-monetization-rails,earn-more-income-red-matrix-note-commerce,Earn More Income RED Matrix
ways-for-online-earning-red-monetization-rails,red-three-paths-buyer-commerce-conversion-spine,RED Three Paths Buyer Commerce
ways-students-earn-money-online-ai-light-apps,earn-money-online-micro-offer-validation-ladder,micro-offer validation ladder
ways-students-earn-money-online-ai-light-apps,ways-for-students-to-earn-money-online-with-ai-short-fiction,AI short fiction path for students
ways-students-earn-money-online-ai-novel-evening-sprint,earn-and-make-money-student-fiction-evening-blocks,Earn and Make Money Student Fiction
ways-students-earn-money-online-ai-novel-evening-sprint,student-side-hustle-ideas-campus-schedule,Student Side Hustle Ideas Campus Schedule
ways-students-earn-money-online-ai-novel-promotion-scale,earn-money-online-micro-offer-validation-ladder,micro-offer validation ladder
ways-students-earn-money-online-ai-novel-promotion-scale,ways-for-students-to-earn-money-online-with-ai-short-fiction,AI short fiction path for students
ways-students-earn-money-online-novel-promotion-guide,earn-money-online-micro-offer-validation-ladder,micro-offer validation ladder
ways-students-earn-money-online-novel-promotion-guide,ways-for-students-to-earn-money-online-with-ai-short-fiction,AI short fiction path for students
ways-to-make-money-freelancing-gig-card-map,earn-money-from-freelancing-escrow-milestone-map,Earn Money From Freelancing Escrow Map
ways-to-make-money-freelancing-gig-card-map,freelance-platforms-comparison-upwork-fiverr,Freelance Platforms Comparison
ways-to-make-money-freelancing-gig-card-map,strategies-freelance-gigs-platform-scorecard,Strategies Freelance Gigs Scorecard
ways-to-make-money-freelancing-platform-scorecard-2026,freelance-coding-ai-bounded-offers,Freelance Coding AI Bounded Offers
ways-to-make-money-freelancing-platform-scorecard-2026,strategies-freelance-escrow-milestone-spine,Strategies Freelance Escrow Milestones
ways-to-make-money-freelancing-platform-scorecard-2026,work-earn-online-freelance-caps-evening,Work Earn Online Freelance Caps
ways-to-make-money-freelancing-pm-three-paths,freelancing-side-dev-ai-assisted-delivery,Freelance Coding AI Light Dev
ways-to-make-money-freelancing-pm-three-paths,strategies-freelance-escrow-milestone-fences,Freelance Platforms Escrow Milestone Guide
work-earn-online-milestone-proposals-dev-marketplaces,earn-money-online-micro-offer-validation-ladder,micro-offer validation ladder
work-from-home-money-earning-pdd-virtual-roi-cell,virtual-stores-info-arbitrage-starter,Virtual Stores Info Arbitrage Starter
work-from-home-money-earning-pdd-virtual-roi-cell,ways-to-make-profit-pdd-relay-cell,Ways to Make Profit PDD Relay Cell
work-from-home-money-earning-pdd-virtual-roi-cell,work-from-home-money-earning-virtual-triad,Work From Home Money Earning Virtual Triad
work-from-home-money-earning-red-ai-note-factory,eight-wfh-hustles-evening-stack,Eight WFH Hustles Stack
work-from-home-money-earning-red-ai-note-factory,make-more-income-wfh-batch-content-spine,Make More Income WFH
work-from-home-money-earning-red-ai-note-factory,work-from-home-money-earning-evening-blocks,Work From Home Money Earning Evening Blocks
work-from-home-money-earning-roi-virtual-nights,earn-money-online-micro-offer-validation-ladder,micro-offer validation ladder
work-from-home-side-hustles-for-moms-7-income-streams-anyone-can-start,earn-money-online-micro-offer-validation-ladder,micro-offer validation ladder
xiaohongshu-monetization-note-commerce-grid,earn-more-income-red-note-commerce-spine,Earn More Income RED
xiaohongshu-monetization-note-commerce-grid,red-three-paths-buyer-commerce-conversion-spine,RED Three Paths Buyer Commerce
