分类,分类（English）,源平台,原网址,原标题,MMHow 网址,MMHow 标题,MMHow ID,内容指纹,发布时间
"自媒体与创作者经济","Self-Media & Content Creator Economy","搜狐","https://www.sohu.com/a/902544569_122322103","自媒体创业怎么起步？自媒体赚钱的5种变现方式","https://www.mmhow.com/articles/how-to-start-a-self-media-business-5-ways-to-monetize-content-creation","How to Start a Self-Media Business? 5 Ways to Monetize Content Creation","1","",""
"AI 智能副业","AI-Powered Side Hustles","","","","https://www.mmhow.com/articles/i-make-40k-rmbmonth-with-ai-side-hustles-5-methods-anyone-can-use","I Make 40K+ RMB/Month with AI Side Hustles: 5 Methods Anyone Can Use","2","",""
"社媒变现（小红书 & 抖音）","Social Media Monetization (RED & Douyin)","腾讯新闻","https://news.qq.com/rain/a/20250422A02Z6Z00","抖音、微信、小红书...7大内容平台，7种赚钱思路","https://www.mmhow.com/articles/douyin-vs-xiaohongshu-monetization-the-ultimate-platform-by-platform-guide","Douyin vs Xiaohongshu Monetization: The Ultimate Platform-by-Platform Guide","3","",""
"电商与一件代发","E-commerce & Dropshipping","搜狐","https://www.sohu.com/a/937991633_122519754","无货源电商一件代发怎么做？手把手教你零成本起步","https://www.mmhow.com/articles/dropshipping-from-scratch-zero-inventory-e-commerce-complete-guide","Dropshipping from Scratch: Zero-Inventory E-Commerce Complete Guide","4","",""
"信息差与数字产品","Information Arbitrage & Digital Products","爱小新博客","https://blog.axiaoxin.com/post/0cost-side-jobs-for-beginners/","分享几个适合新手小白尝试的零成本副业赚钱思路","https://www.mmhow.com/articles/information-arbitrage--digital-products-4-zero-cost-side-hustles-that-actually-work","Information Arbitrage & Digital Products: 4 Zero-Cost Side Hustles That Actually Work","5","",""
"自由职业与远程工作","Freelancing & Remote Work","博客园","https://www.cnblogs.com/wenku/p/20190645","自由职业者接外包正规平台白皮书：全品类渠道评估与职业发展指南（2026版） - 商业科技观察 - 企业博客","https://www.mmhow.com/articles/freelancing--remote-work-the-ultimate-platform-handbook-for-2025","Freelancing & Remote Work: The Ultimate Platform Handbook for 2025","6","",""
"居家办公与微创业","Work-from-Home & Micro-Business","搜狐","https://www.sohu.com/a/930137250_122449165","宝妈居家增收：7类有手就能做的副业！0门槛、上手快，赚出孩子的奶粉钱","https://www.mmhow.com/articles/work-from-home-side-hustles-for-moms-7-income-streams-anyone-can-start","Work-from-Home Side Hustles for Moms: 7 Income Streams Anyone Can Start","7","",""
"学生与新手副业","Side Hustles for Students & Beginners","搜狐","https://www.sohu.com/a/941485530_122449165","零基础也能搞副业！4 个易上手方向 + 入门指南，轻松开启增收路","https://www.mmhow.com/articles/side-hustles-for-students--beginners-4-zero-experience-paths-to-start-earning","Side Hustles for Students & Beginners: 4 Zero-Experience Paths to Start Earning","8","",""
"投资与被动收入","Investment & Passive Income","百家号","https://baijiahao.baidu.com/s?id=1829279242019107871","2025指数基金生存指南：普通人逆袭的三大核心法则","https://www.mmhow.com/articles/index-fund-investing-for-ordinary-people-a-complete-passive-income-guide","Index Fund Investing for Ordinary People: A Complete Passive Income Guide","9","",""
"知识变现与在线课程","Knowledge Monetization & Online Courses","搜狐","https://www.sohu.com/a/830945635_121155254","感觉自己有一身才华，想做知识付费创业要怎么开始？","https://www.mmhow.com/articles/knowledge-monetization--online-courses-from-zero-to-selling-your-expertise","Knowledge Monetization & Online Courses: From Zero to Selling Your Expertise","10","",""
"AI 智能副业","AI-Powered Side Hustles","知乎","https://zhuanlan.zhihu.com/p/2014269880564741793","不止 OpenClaw：普通人每天多赚一千块！？","https://www.mmhow.com/articles/seven-ai-side-hustle-paths","7 AI Side Hustle Paths That Can Add $1,000/Day (Realistically)","11","",""
"AI 智能副业","AI-Powered Side Hustles","小红书","https://www.xiaohongshu.com/user/profile/59f87643db2e602e550c9714","用 AI 替我省了 1 万/月外包（@AI学长MetaX）","https://www.mmhow.com/articles/replace-outsourcing-with-ai-tools","How I Replaced $1,000/Month in Outsourcing with AI Tools","12","",""
"AI 智能副业","AI-Powered Side Hustles","","","","https://www.mmhow.com/articles/i-make-40k-rmbmonth-with-ai-side-hustles-5-proven-methods-for-2025","I Make 40K+ RMB/Month with AI Side Hustles: 5 Proven Methods for 2025","13","",""
"AI 智能副业","AI-Powered Side Hustles","Python4Office","https://python4office.cn/ai/workbuddy/20250405-ai-side-income/","我用AI做副业，月入过万：5个普通人也能上手的AI变现方法","https://www.mmhow.com/articles/how-i-make-40k-rmbmonth-with-ai-side-hustles-5-methods-for-2025","How I Make 40K+ RMB/Month with AI Side Hustles: 5 Methods for 2025","14","",""
"自媒体与创作者经济","Self-Media & Content Creator Economy","腾讯新闻","https://news.qq.com/rain/a/20251220A06I8B00","从""流量焦虑""到""财富复利""：普通人做自媒体，到底该怎么赚钱？","https://www.mmhow.com/articles/four-pillars-profitable-creator-business","From Traffic Anxiety to Wealth Compounding: 4 Pillars of a Profitable Creator Business","15","","2026-06-07"
"AI 智能副业","AI-Powered Side Hustles","知乎","https://zhuanlan.zhihu.com/p/1986819573580838225","早高峰的地铁里，我的 AI 已经帮我接了 2 个单","https://www.mmhow.com/articles/ai-client-intake-system-for-freelancers","How I Built an AI System That Takes Client Orders While I Commute","16","","2026-06-07"
"社媒变现（小红书 & 抖音）","Social Media Monetization (RED & Douyin)","腾讯新闻","https://news.qq.com/rain/a/20250508A09B7A00","虽然""红猫""上线了，但小红书的赚钱逻辑还在继续打磨","https://www.mmhow.com/articles/xiaohongshu-buyer-commerce-small-creator-advantage","Xiaohongshu Buyer Commerce: Why Smaller Creators Can Outearn Mega-Influencers","17","","2026-06-07"
"电商与一件代发","E-commerce & Dropshipping","知乎","https://zhuanlan.zhihu.com/p/1911457243104261878","15年电商人说点大实话：2025年想做一件代发，这30个货源网站和避坑指南收好不谢","https://www.mmhow.com/articles/1688-dropshipping-2025-supplier-guide","1688 Dropshipping in 2025: Supplier Sites and Traps Every Beginner Should Know","18","","2026-06-07"
"信息差与数字产品","Information Arbitrage & Digital Products","人人都是产品经理","https://www.woshipm.com/ai/6296599.html","一个普通人也能复制的 AI 数字生意：5 分钟生产、全球销售、可无限扩展","https://www.mmhow.com/articles/ai-digital-product-business-zero-inventory","Building an AI Digital Product Business: Zero Inventory, Infinite Scale","19","","2026-06-07"
"居家办公与微创业","Work-from-Home & Micro-Business","搜狐","https://www.sohu.com/a/940982924_122449176","2025 普通人副业指南：8 个零门槛方向，在家也能高效创收","https://www.mmhow.com/articles/eight-zero-barrier-side-hustles-from-home-2025","8 Zero-Barrier Side Hustles You Can Run From Home in 2025","20","","2026-06-07"
"投资与被动收入","Investment & Passive Income","腾讯新闻","https://news.qq.com/rain/a/20251207A05SFI00","财务自由最笨的方法：每月雷打不动3000块，买入""这两个""东西","https://www.mmhow.com/articles/boring-path-passive-income-index-funds-reits","The ""Boring"" Path to Passive Income: Index Funds + REITs","21","","2026-06-07"
"知识变现与在线课程","Knowledge Monetization & Online Courses","腾讯新闻","https://news.qq.com/rain/a/20250806A06W2Y00","平台抛弃你时，连通知都没有！知识付费的下一站：把自己活成一家""一人公司""","https://www.mmhow.com/articles/knowledge-monetization-one-person-company-2025","Knowledge Monetization in 2025: From Selling Courses to Running a One-Person Company","22","","2026-06-07"
"自由职业与远程工作","Freelancing & Remote Work","博客园","https://www.cnblogs.com/itech/p/20036295","AI 时代，我辞掉了大厂工作去做独立开发者——血泪换来的 7 条生存法则","https://www.mmhow.com/articles/seven-rules-quitting-big-tech-going-solo","7 Survival Rules I Learned Quitting Big Tech to Go Solo","23","","2026-06-07"
"学生与新手副业","Side Hustles for Students & Beginners","知乎","https://zhuanlan.zhihu.com/p/1936471029699540252","大学生亲测靠谱兼职推荐！","https://www.mmhow.com/articles/three-student-side-hustles-build-skills-not-burn-time","3 Student Side Hustles That Build Skills Instead of Burning Time","24","","2026-06-07"